"ONTOLOGY","ID","Description","GeneRatio","BgRatio","RichFactor","FoldEnrichment","zScore","pvalue","p.adjust","qvalue","geneID","Count"
"CC","GO:0005759","mitochondrial matrix","7/33","88/1904",0.0795454545454545,4.58953168044077,4.57784068943581,0.000567490969924724,0.0679551819489127,0.066875856418114,"VDAC1/C1QBP/MDH2/SSBP1/GADD45GIP1/TUFM/NDUFAF8",7
"CC","GO:0009295","nucleoid","3/33","13/1904",0.230769230769231,13.3146853146853,5.91546243178755,0.00120630500501028,0.0679551819489127,0.066875856418114,"VDAC1/SSBP1/TUFM",3
"CC","GO:0042645","mitochondrial nucleoid","3/33","13/1904",0.230769230769231,13.3146853146853,5.91546243178755,0.00120630500501028,0.0679551819489127,0.066875856418114,"VDAC1/SSBP1/TUFM",3
